empresa,año,trimestre,archivo,escala_detectada,efectivo,activo_corriente,activo_total,pasivo_corriente,pasivo_no_corriente,pasivo_total,patrimonio_total,ganancias_retenidas,inventarios,deuda_cp,deuda_lp,ingresos,utilidad_neta,utilidad_operativa,gastos_financieros,impuesto_renta,depreciacion_amortizacion
CELSIA,2020,1,Q1 2020.xbrl,0.001,502916.479,2031292.006,12258942.974,2281054.158,4315362.613,6596416.771,5662526.203,323020.11,221393.09,836886.912,3653404.723,1184559.91,65028.208,226528.173,-95978.231,-66916.909,12126.532000000001
CELSIA,2020,2,Q2 2020.xbrl,0.001,576094.321,2052267.789,12147314.989,2067633.516,4422371.541,6490005.057,5657309.932,323020.11,229634.211,819121.849,3761977.776,1819462.234,138120.576,458782.014,-213920.462,-117404.855,25882.089
CELSIA,2020,3,Q3 2020.xbrl,0.001,372786.178,1545443.512,12139151.882000001,1818980.278,4521253.7930000005,6340234.071,5798917.811,323020.11,265853.19,713308.386,3854232.7430000002,2638470.7060000002,193792.1,625657.047,-251881.639,-144659.29200000002,40978.649
CELSIA,2020,4,CIERRE 2020.xbrl,0.001,399547.205,1426594.051,11810659.507000001,2055711.1870000002,4014292.754,6070003.941000001,5740655.566000001,323020.11,167135.929,483336.146,3382519.2229999998,3643877.37,249319.973,877364.881,-354770.516,-204354.994,55553.718
CELSIA,2021,1,Q1 2021.xbrl,0.001,283111.862,1516662.477,12273231.223000001,2319218.414,4347552.752,6666771.166,5606460.057,289816.424,178356.972,498103.938,3720381.1240000003,995146.453,83504.07,221974.073,-71337.951,-53947.938,12641.397
CELSIA,2021,2,Q2 2021.xbrl,0.001,236749.189,1424080.216,12427459.836000001,2584146.937,4022927.696,6607074.633,5820385.203,289816.424,147738.12900000002,952113.067,3380203.642,1920372.975,140797.437,429962.623,-148615.179,-102753.725,25319.817
CELSIA,2021,3,Q3 2021.xbrl,0.001,281513.51,1488082.8830000001,12974110.724,2615568.053,4377369.33,6992937.383,5981173.341,249257.66,153826.972,875461.59,3664213.582,2939071.0270000002,217309.544,648246.147,-230365.59100000001,-150528.621,38217.829
CELSIA,2021,4,CIERRE 2021.xbrl,0.001,252799.348,1334947.764,12681489.23,1672281.243,4687286.762,6359568.005,6321921.225000001,267257.569,133104.315,492082.966,3982114.327,4110735.326,334546.58400000003,916603.411,-321072.297,-190222.793,52933.976
CELSIA,2022,1,Q1 2022.xbrl,0.001,288213.422,1398486.368,12883513.375,2120581.045,4882848.314,7003429.359,5880084.016,259953.39,139821.329,671874.828,4147482.528,1309468.303,102688.672,337532.977,-97610.691,-93903.20300000001,13527.418
CELSIA,2022,2,Q2 2022.xbrl,0.001,160085.304,1342155.154,13485086.457,2216117.679,5051074.546,7267192.225000001,6217894.232,259953.39,168652.232,834403.562,4320941.831,2586738.411,208441.284,701577.604,-212896.468,-182788.85879010012,26984.643
CELSIA,2022,3,Q3 2022.xbrl,0.001,208156.783,1587719.561,14460016.216,2650670.768,5316019.256,7966690.024,6493326.192,259953.39,186736.687,1129105.12,4564857.798,3916936.393,295464.148,1015343.042,-370967.969,-234516.80000000002,41008.265
CELSIA,2022,4,CIERRE 2022.xbrl,0.001,211739.34100000001,4569522.976,14933969.804,3262121.805,4974444.018,8236565.823,6697403.981,257481.426,142036.121,495008.025,4284639.17,5584546.271,276445.375,1318350.8800000001,-628144.09,-314846.189,54019.007
CELSIA,2023,1,Q1 2023.xbrl,0.001,270293.794,4209820.307,14853617.075000001,3321428.9450000003,5191845.749,8513274.694,6340342.381,280810.478,134757.445,362925.587,4500184.220000001,1506530.375,75367.357,416038.799,-232623.428,-64248.914000000004,12823.353000000001
CELSIA,2023,2,Q2 2023.xbrl,0.001,224496.43300000002,3916570.6950000003,14565895.405000001,3432854.2120000003,4892074.553,8324928.765000001,6240966.64,280810.478,155810.983,749987.402,4204986.919,3290208.5100000002,120733.02900000001,791190.176,-456227.249,-139611.7526341403,25416.897
CELSIA,2023,3,Q3 2023.xbrl,0.001,116410.056,4420765.648,15260112.92,4191182.042,4811177.967,9002360.009,6257752.911,280810.478,140434.147,907321.036,4103223.9790000003,4873922.451,178970.775,1113760.401,-678049.779,-172843.92367070622,38475.107
CELSIA,2023,4,CIERRE 2023.xbrl,0.001,556498.126,2629720.548,13754805.538,3644258.404,4593815.394,8238073.798,5516731.74,280809.238,128678.584,997575.591,3991482.1610000003,6709403.288,193480.622,1367897.0760000001,-873310.61,-210302.404,50356.113
CELSIA,2024,1,Q1 2024.xbrl,0.001,585052.154,2720672.807,13875044.93,4498626.246,4264915.379,8763541.625,5111503.305,246293.913,154453.03100000002,1702271.563,3644641.83,1459706.966,21479.256,198752.329,-176950.404,-3059.782,12126.181
CELSIA,2024,2,Q2 2024.xbrl,0.001,334391.775,2922005.5,13926614.466,4396792.811,4282049.692,8678842.503,5247771.963,246527.801,203773.459,1688157.051,3639233.0470000003,3646920.298,119212.048,531617.018,-362231.825,-22762.58148,22867.301
CELSIA,2024,3,Q3 2024.xbrl,0.001,214523.339,2924790.375,14225852.668,4591623.374,4298060.2360000005,8889683.61,5336169.058,247483.787,206119.15600000002,1765299.028,3655375.933,5278422.05,193520.391,789651.231,-518893.005,-71067.802,33800.634
CELSIA,2024,4,CIERRE 2024.xbrl,0.001,215728.381,3562272.889,15112166.652,5190669.894,4528343.413,9719013.307,5393153.345,248669.995,203785.187,1675906.19,3901979.7060000002,7531349.086,221968.149,1035199.171,-688292.103,-99007.023,44813.58
CELSIA,2025,1,Q1 2025.xbrl,0.001,210237.138,3387212.0640000002,14934262.925,5523727.398,4363642.919,9887370.317,5046892.608,-156414.21600000001,189196.143,2270336.147,3727961.364,1656529.8360000001,57956.361000000004,354751.21,-181833.494,-81412.232,10384.673
CELSIA,2025,2,Q2 2025.xbrl,0.001,249815.244,3293932.443,14928513.18,5615529.408,4180886.648,9796416.056,5132097.124,-150920.245,180388.931,2554728.886,3506568.118,3158004.12,123614.84700000001,675995.535,-356404.418,-108768.55402047488,22438.379
CELSIA,2025,3,Q3 2025.xbrl,0.001,764254.9770000001,3518056.913,14800525.004,5784764.24,3871132.198,9655896.438000001,5144628.566,-150662.519,161686.219,2812599.892,3203680.395,4593526.846,182577.555,938274.628,-525508.045,-128499.60800000001,36825.436
CELSIA,2025,4,CIERRE 2025.xbrl,0.001,284327.265,2288230.5470000003,14201545.075000001,3026190.668,6010407.958000001,9036598.626,5164946.449,-150057.75,146148.265,1084895.364,3926018.001,6058264.592,206406.16700000002,1172503.028,-679429.486,-155430.784,11012.946
CELSIA,2026,1,Q1 2026.xbrl,0.001,416352.83400000003,2439645.802,14209432.42,2735010.443,6634043.653,9369054.096,4840378.324,-131202.871,138292.683,771038.3910000001,4525871.624,1449722.3190000001,26649.804,249028.643,-155487.024,-33336.08806200004,12992.816
CELSIA,2026,2,Q2 2026.xbrl,0.001,300842.395,3139489.929,14925227.252,3709431.847,6386283.765000001,10095715.612,4829511.64,-127748.811,133449.529,1022078.4130000001,4187624.7800000003,2977296.8710000003,70351.975,515886.255,-328960.036,-80061.102,26269.719
ENEL,2019,1,Q1 2019.xbrl,0.001,408217.99700000003,710398.68,8857695.347000001,1664366.734,3383382.1750000003,5047748.909,3809946.438,2189891.063,54285.776,537974.89,3051500.6010000003,955829.362,291180.858,495737.331,-67526.471,-140821.819,2992.728
ENEL,2019,2,Q2 2019.xbrl,0.001,317538.17100000003,656365.25,8812664.283,1553795.644,3121163.24,4674958.884000001,4137705.399,2188327.531,71753.622,1088509.281,2794715.7060000002,1932017.041,620503.31,1049182.376,-143110.948,-295338.961,
ENEL,2019,3,Q3 2019.xbrl,0.001,,,,,,,,,,,,,,,,,
ENEL,2019,4,CIERRE 2019.xbrl,0.001,287544.909,829340.633,9120233.042,1284210.933,3092760.876,4376971.809,4743261.233,2182234.37,82219.623,648976.1410000001,2681981.3680000002,4069676.348,1232152.218,2089240.2210000001,-285804.86,-591387.449,
ENEL,2020,1,Q1 2020.xbrl,0.001,640056.545,995509.941,9268463.139,2651847.065,2381986.874,5033833.939,4234629.2,2552127.795,67978.326,2017934.212,1946095.455,1067507.981,362298.44,588774.933,-56096.693,-168430.64800000002,5159.537
ENEL,2020,2,Q2 2020.xbrl,0.001,308699.368,591086.33,8832223.07,1844042.906,2393905.123,4237948.029,4594275.041,2554850.73,75917.779,1565529.815,1946159.399,2136607.32,719221.355,1151437.4440000001,-119634.174,-321511.33,
ENEL,2020,3,Q3 2020.xbrl,0.001,735230.6190000001,1109319.703,9356513.321,2188182.315,2331972.2800000003,4520154.595,4836358.726,2558134.694,82965.436,1771432.783,1856648.318,3223570.216,958021.067,1721123.269,-236662.719,-538931.502,
ENEL,2020,4,CIERRE 2020.xbrl,0.001,821190.708,1212618.098,9495090.57,1959938.585,2378927.641,4338866.226,5156224.3440000005,2583278.68,102199.837,1806053.8059999999,1856720.301,4247728.2530000005,1283908.535,2242113.319,-281485.444,-697727.218,
ENEL,2021,1,Q1 2021.xbrl,0.001,472763.07,906995.512,9160652.667,2392053.896,2380860.757,4772914.653,4387738.014,2711593.892,117607.926,505957.95,1856795.223,1013887.307,393800.686,582302.076,-32836.254,-156247.36000000002,4916.243
ENEL,2021,2,Q2 2021.xbrl,0.001,454144.255,866776.505,9097875.583,1887361.094,2389993.962,4277355.056,4820520.527,2711593.892,116126.311,863236.0930000001,1856872.136,2148435.315,818689.952,1236380.01,-77388.186,-342668.893,
ENEL,2021,3,Q3 2021.xbrl,0.001,383394.00200000004,852227.832,9084245.584,2282835.244,2167445.737,4450280.981,4633964.603,2096111.818,109955.57,1297586.297,1582698.691,3424608.987,1250187.1300000001,1976195.563,-129713.485,-599668.323,
ENEL,2021,4,CIERRE 2021.xbrl,0.001,213701.458,667858.311,9036678.938000001,1519710.397,2415069.971,3934780.3680000002,5101898.57,2096111.818,94157.639,1246389.916,1771817.266,4722685.057,1712321.388,2703006.822,-182299.775,-814374.147,
ENEL,2022,1,Q1 2022.xbrl,0.001,2020350.242,5559724.255,27469394.543,8563057.772,6203894.095,14766951.867,12702442.676,3137973.069,360874.662,3398595.248,4629658.609,1953518.671,583160.453,979690.5700000001,-93272.511,-312175.382,20673.135000000002
ENEL,2022,2,Q2 2022.xbrl,0.001,2067277.814,5989528.282000001,28364274.443,7478211.687,6865405.028,14343616.715,14020657.728,3137973.069,412097.425,3069221.491,5317712.456,5190182.262,1383573.366,2446068.651,-284588.341,-751770.481,
ENEL,2022,3,Q3 2022.xbrl,0.001,2265079.365,6115600.184,29256088.286000002,6552711.916,7258533.984,13811245.9,15444842.386,3137973.069,450058.702,2549071.319,5677009.322000001,9059065.486,2260424.169,3946336.704,-502716.88300000003,-1235939.304,
ENEL,2022,4,CIERRE 2022.xbrl,0.001,1215342.798,4725840.115,29663271.629,5430258.562,7919644.797,13349903.359000001,16313368.27,3137973.069,469017.806,2346359.353,5930600.508,12100256.34,2859963.898,5083658.28,-774195.278,-1540448.212,
ENEL,2023,1,Q1 2023.xbrl,0.001,2050304.092,5860836.148,30738252.632,8866337.027,7863012.835,16729349.862,14008902.77,3290302.981,535321.333,1476315.72,5832935.62,3772836.174,798297.461,1469406.831,-298279.466,-464007.955,67795.736
ENEL,2023,2,Q2 2023.xbrl,0.001,2298558.43,5375312.375,30138340.635,8272040.483,7983414.461,16255454.944,13882885.691,3290302.981,576388.873,2439429.481,6120098.733,7846293.064,1326580.5250000001,2936882.338,-910343.758,-927212.9400000001,
ENEL,2023,3,Q3 2023.xbrl,0.001,1203984.038,4821728.129,29840676.310000002,7665727.226,7533598.862,15199326.088,14641350.222000001,3290302.981,605588.187,3572608.9869999997,5766597.579,12286937.713,2274068.395,4697197.454,-1195078.031,-1498394.61,
ENEL,2023,4,CIERRE 2023.xbrl,0.001,1629477.082,5449940.129,29595884.494,6634037.4180000005,8995509.078,15629546.496000001,13966337.998,3290302.981,534984.31,2902532.197,7252382.536,16599096.186,1938215.2380000001,4901964.446,-1517114.22,-1779677.101,
ENEL,2024,1,Q1 2024.xbrl,0.001,1276575.643,5144469.745,29392515.412,6916323.073,9485988.586000001,16402311.659,12990203.753,3490059.147,525198.79,2154493.596,7777848.707,4087089.512,756269.078,1446914.78,-328963.822,-377031.636,269975.926
ENEL,2024,2,Q2 2024.xbrl,0.001,1159490.807,5126595.262,29936732.738,6585206.943,9292899.475,15878106.418,14058626.32,3490059.1580000003,518499.538,2054237.066,7528939.783,8265760.574,1474341.757,2772103.808,-636646.686,-723283.497,
ENEL,2024,3,Q3 2024.xbrl,0.001,1048100.747,4602865.229,29713800.233,6119589.409,8809488.749,14929078.158,14784722.075000001,3490059.1580000003,478044.067,1722147.567,7083411.067,12433801.592,2171557.827,4104420.237,-918251.908,-1069836.195,
ENEL,2024,4,CIERRE 2024.xbrl,0.001,1263347.284,4599497.424,30895545.304,5310187.141,10344365.722000001,15654552.863,15240992.441,3490059.1580000003,479094.168,2816557.565,8099894.923,16926709.713,2251936.168,4608406.297,-1208234.963,-1209678.799,
ENEL,2025,1,Q1 2025.xbrl,0.001,1488836.566,4781128.392,31087700.291,6903372.823,10294348.78,17197721.603,13889978.688000001,3715252.775,496911.985,2332238.98,8035100.677,4056981.7800000003,919262.835,1701190.311,-304796.429,-473219.9,279990.783
ENEL,2025,2,Q2 2025.xbrl,0.001,1302068.948,4587961.075,31258788.747,7100055.233,9812707.128,16912762.361,14346026.386,3715252.775,504734.922,2124486.713,7482482.072,7962087.478,1540887.563,3141315.453,-776278.3740000001,-827410.388,
ENEL,2025,3,Q3 2025.xbrl,0.001,1288225.4880000001,4192173.166,31243839.544,5875636.343,10326873.655,16202509.998,15041329.546,3715252.767,514600.987,1549934.743,7912831.294,12002724.056,2437470.365,4807607.673,-1100627.203,-1268061.866,
ENEL,2025,4,CIERRE 2025.xbrl,0.001,1150701.653,3881483.379,31590737.487,5026794.153,11041253.292,16068047.445,15522690.042,3715252.767,432278.342,1463321.6900000002,8580518.024,15897327.877,3030007.352,6045091.852,-1397758.696,-1622471.479,
ENEL,2026,1,Q1 2026.xbrl,0.001,1806725.574,4668630.504,32254626.358,5122168.932,10946475.892,16068644.824000001,16185981.534,6745260.119,463046.07800000004,1518989.0590000001,8453490.688000001,3809700.5100000002,820458.7540000001,1595200.609,-301988.368,-481123.782,295823.994
ENEL,2026,2,Q2 2026.xbrl,0.001,2007466.3930000002,4983516.454,32421999.825,7521574.069,10793455.787,18315029.856,14106969.969,4018253.502,472608.64900000003,1099466.4270000001,8275820.654,8253343.638,1773507.474,3412653.847,-660743.657,-997152.645,
EPM,2019,1,Q1 2019.xbrl,0.001,2139091.179,7557113.637,54112392.875,7670015.838,23971345.388,31641361.226,22471031.649,15480585.871000001,414402.294,3144346.058,11454281.81,4284392.369,681539.188,1164761.506,-326408.751,-354620.316,254969.439
EPM,2019,2,Q2 2019.xbrl,0.001,,,,,,,,,,,,,,,,,
EPM,2019,3,Q3 2019.xbrl,0.001,,,,,,,,,,,,13291041.899,1677538.832,3388490.5500000003,-1000954.099,-533932.191,856989.204
EPM,2019,4,CIERRE 2019.xbrl,0.001,1664150.609,7603831.21,54900148.798,7688840.716,23032348.365000002,30721189.081,24178959.717,14518224.491,391244.21400000004,3541229.252,7923160.117000001,18358038.151,2985182.257,,-1290282.011,-810199.224,1140099.479
EPM,2020,1,Q1 2020.xbrl,0.001,1484288.8360000001,8187963.972,57172882.534,8577701.788,25925272.326,34502974.114,,16067732.337000001,450471.597,2727950.301,9257945.673,4746386.593,-329852.52400000003,,-274294.527,-77651.591,297772.669
EPM,2020,2,Q2 2020.xbrl,0.001,1952157.112,8005962.126,57291866.566,8148888.854,25472718.976,33621607.83,23670258.736,16073456.238,457628.485,3409308.955,9137680.540000001,9150053.68,620708.581,,-562422.528,-254243.964,601098.096
EPM,2020,3,Q3 2020.xbrl,0.001,4019194.023,12073643.751,62782858.797,11065971.206,26862588.961,37928560.167,24854298.63,16062599.33,488248.711,6083732.428,7768278.365,13741464.027,1121562.2750000001,,-911029.1020000001,-438687.06200000003,937069.344
EPM,2020,4,CIERRE 2020.xbrl,0.001,3987044.199,12257538.752,63778787.181,9443947.926,27207645.636,36651593.562,27127193.619,16057923.382000001,477338.243,4597758.041828,20687483.501943998,19326610.726,3584538.0,4151740.00361663,-1267632.158,-499028.184,136888.382806
EPM,2021,1,Q1 2021.xbrl,0.001,3926707.93,12313504.950000001,64696704.989,10862466.986,27578680.429,38441147.415,26255557.574,18167038.2,495204.248,4419226.157,7589679.914,5547344.514,796074.1900000001,1447104.2448822602,-336317.772,-218187.892,35701.810457
EPM,2021,2,Q2 2021.xbrl,0.001,3182841.975,11954423.498,65303316.112,10470355.522,27613754.848,38084110.37,27219205.742000002,18166412.09,511597.60500000004,4502127.6110000005,6956865.877,11582666.82,1760467.298,2854211.20511302,-687090.416,-336362.441,72517.392097
EPM,2021,3,Q3 2021.xbrl,0.001,3714046.447,12436085.632000001,66535536.673,9152956.592,29299918.285,38452874.877000004,28082661.796,18166480.408,515567.963,3481416.776,7483851.582,18027285.093000002,2654658.736,4517355.3610000005,-1045570.207,-778825.79,109315.202454
EPM,2021,4,CIERRE 2021.xbrl,0.001,4019511.369,14576032.38,67776469.83,9720287.425,29305996.549000002,39026283.974,28750185.856,18125734.161000002,511363.846,3472771.95453,22644118.525358,24831646.953,3039782.933,5800700.17784612,-1430845.322,-1074626.754,147186.75733300002
EPM,2022,1,Q1 2022.xbrl,0.001,5516599.227,14017258.148,67974354.788,10959692.051,29505683.392,40465375.443,27508979.345,19228300.458,545323.013,3172694.196,7655068.402,7243557.307,1181722.23,1954230.13203502,-417102.382,-447100.982,147186.75733300002
EPM,2022,2,Q2 2022.xbrl,0.001,3409937.681,13730771.962,68979097.229,10646786.235,30069568.447,40716354.682000004,28262742.547000002,19228355.219,597332.001,3666513.81,8114649.689,14925620.639,2000789.98,3876395.64502688,-958837.1410000001,-788466.854,80175.49034900001
EPM,2022,3,Q3 2022.xbrl,0.001,3338382.867,14217541.474,71036864.176,11362752.525,30845397.681,42208150.206,28828713.97,19228210.0,685078.438,4166641.061,8214532.095,23266360.017,2813048.089,5860836.9631665,-1576967.817,-1232176.226,122632.94965000001
EPM,2022,4,CIERRE 2022.xbrl,0.001,4038679.643,14950654.02,75578355.371,12063156.59,32528329.400000002,44591485.99,30986869.381,19212331.213,714643.324,4227009.673735,25896191.125929,31728407.916,3845458.5530000003,7892901.657000001,-2284881.664,-1610791.037,166542.99796399998
EPM,2023,1,Q1 2023.xbrl,0.001,3370906.455,13920524.407,75144778.814,12724320.112,32159552.67,44883872.782,30260906.032,21601715.674,703674.747,3578457.8170000003,9423823.469,8932838.641,1494936.138,2427954.843529,-747346.219,-644198.042,43342.101728
EPM,2023,2,Q2 2023.xbrl,0.001,2104704.511,13098823.372,73660291.52,11533657.927000001,31170933.92,42704591.847,30955699.673,21595421.135,698199.138,3409259.477,8741219.626,18045907.024,2538831.896,4741536.350000001,-1554773.847,-1156495.1,85857.10489
EPM,2023,3,Q3 2023.xbrl,0.001,2889422.916,14031999.169,74666173.881,12523625.487,30854282.729000002,43377908.216,31288265.665,21595415.75,733341.853,3856645.723,9983902.818,27173762.066,3137668.3370000003,6403921.85596011,-2328557.732,-1262314.316,128645.41693
EPM,2023,4,CIERRE 2023.xbrl,0.001,3244471.737,15082303.192,77235863.293,14052303.949000001,31867226.854000002,45919530.803,31316332.490000002,21486693.791,760328.601,6248602.2678270005,23129694.48074,37139086.82,3249354.37,7758921.63028278,-3267081.6750000003,-1516152.26,206170.22212700002
EPM,2024,1,Q1 2024.xbrl,0.001,4852133.092,15498776.312,78368041.932,15529315.77,32004162.236,47533478.006000005,30834563.926,22580383.514000002,782961.661,5016086.633,10538161.073,9945009.146,1577661.368,2894258.46554683,-848596.514,-548345.1950000001,44033.42260400001
EPM,2024,2,Q2 2024.xbrl,0.001,3941198.835,15730856.734000001,80428394.436,13779648.203,34474370.323,48254018.526,32174375.91,22460712.535,849857.339,4795253.133,12159165.15,19747086.758,2669010.591,5410124.16520628,-2015766.129,-857714.2930000001,93604.382295
EPM,2024,3,Q3 2024.xbrl,0.001,2689953.964,14384921.429,79680517.347,11200502.977,35247784.466,46448287.443,33232229.904,22459664.301,873825.12,2649989.005,13221706.324000001,29496670.161000002,3470785.6350000002,7738336.9436779,-2891925.281,-1642544.2110000001,140575.80934
EPM,2024,4,CIERRE 2024.xbrl,0.001,2817912.216,15313996.326,83439211.378,12412117.164,36907447.916,49319565.08,34119646.298,22285157.757,684937.555,3017183.543751,29182836.471184,39617679.865,4541404.172,9146879.538,-3510888.751,-1387096.048,184287.027162
EPM,2025,1,Q1 2025.xbrl,0.001,2508565.551,15039144.174,83352340.598,13600058.773,36825334.977,50425393.75,32926946.848,24079994.657,727261.066,2891325.444,14992367.331,9273158.853,1337105.794,2327174.059,-868304.118,-464962.134,46421.8423875652
EPM,2025,2,Q2 2025.xbrl,0.001,3939314.4110000003,15012615.972000001,83728509.63,11557496.798,38179936.492,49737433.29,33991076.34,24080284.263,716469.458,2201635.4960000003,16259629.548,18787506.45,2345881.386,4484801.47,-1769666.219,-803441.451,94180.1644019842
EPM,2025,3,Q3 2025.xbrl,0.001,3511302.083,14562420.497,83715234.124,10995572.256000001,38236723.317,49232295.573,34482938.551,24080284.185,649643.479,2240505.874,15996870.214,28444622.84,2601975.057,6250673.502,-2637038.433,-1512251.627,142482.532
EPM,2025,4,CIERRE 2025.xbrl,0.001,4339444.923,17030463.566,87230032.322,12882024.913,37658059.03,50540083.943,36689948.379,24051248.552,598064.862,4276700.122,15278416.043,38117838.573,4979410.957,10283802.559,-3534427.503,-2489788.897,192419.01
EPM,2026,1,Q1 2026.xbrl,0.001,7865332.571,18995160.563,89562738.68800001,12423549.518000001,38642597.28,51066146.798,38496591.89,29025789.435000002,647076.809,4344637.631,15581720.476,9054868.69,2302015.69,2140691.898,-967118.243,-545034.947,550110.5480000001
EPM,2026,2,Q2 2026.xbrl,0.001,4949228.834,15450175.343,87738882.127,12831557.614,38510665.858,51342223.472,36396658.655,26207675.015,614989.051,3383665.863,14803692.091,19267458.876000002,3067271.811,4175998.458,-1970368.223,-1232057.253,1095362.911
ISA,2019,1,Q1 2019.xbrl,0.001,1831108.742,7211622.221,45027283.981,3586076.238,23057271.039,26643347.277,18383936.704,3212454.239,90607.372,1592926.473,15477291.02,1816165.463,353124.599,1047007.312,-349540.923,-233948.326,170445.206
ISA,2019,2,Q2 2019.xbrl,0.001,1757501.9170000001,8433065.927000001,47265664.541,3473208.501,24467377.921,27940586.422000002,19325078.119,3212454.239,90452.164,1406427.01,16611023.226,3917488.924,792215.441,2276408.949,-703518.326,-474772.691,352852.571
ISA,2019,3,Q3 2019.xbrl,0.001,1542055.74,8608404.476,48240416.143,3646951.862,24631687.305,28278639.167,19961776.976,3212454.239,93742.971,1787725.888,16604520.849,5888837.893,1198066.294,3312769.4760000003,-1101223.534,-633624.7710000001,549378.131
ISA,2019,4,CIERRE 2019.xbrl,0.001,2487202.068,9449781.446,48793243.432000004,3675086.804,24014942.056,27690028.86,21103214.572,3212454.239,151526.918,1698041.308,16059515.657,8139006.683,1638732.31,4530113.1680000005,-1489369.682,-772816.161,717178.078
ISA,2020,1,Q1 2020.xbrl,0.001,2797800.54,8496627.089,51340269.423,4797675.75,26114801.063,30912476.813,20427792.61,3207681.186,120948.356,2222136.88,17827828.471,2069572.769,378506.64400000003,1098370.714,-441036.88,-198865.169,207040.554
ISA,2020,2,Q2 2020.xbrl,0.001,3541939.878,9170635.237,49902156.781,4737845.815,25932489.599,30670335.414,19231821.367,3207681.186,98788.88500000001,2360855.236,17883592.048,4750510.5770000005,928923.0310000001,2800798.065,-805603.219,-576662.68,425388.87200000003
ISA,2020,3,Q3 2020.xbrl,0.001,3570166.316,9408154.544,52280266.161,3895198.1920000003,28059053.306,31954251.498,20326014.663,3207681.186,108311.74100000001,1590591.168,19779190.577,7141177.479,1412690.426,4009541.845,-1172858.375,-827043.1240000001,639527.397
ISA,2020,4,CIERRE 2020.xbrl,0.001,3781712.973,9708784.411,54029723.479,3403040.8510000003,30480489.721,33883530.572000004,20146192.907,3207681.186,100644.892,1266015.448,21202820.487,9110846.607,2059190.514,5691962.76,-1535479.5520000001,-1074232.438,855987.5310000001
ISA,2021,1,Q1 2021.xbrl,0.001,3437159.486,9471343.214,57636388.923,5686832.598,32469545.634,38156378.232,19480010.691,3203921.666,107601.659,1586526.485,22385117.413,2365046.3710000003,507935.085,1286292.845,-352214.757,-251845.299,211194.859
ISA,2021,2,Q2 2021.xbrl,0.001,4745205.8780000005,10440790.231,62624186.35,6439520.807,34290714.634,40730235.441,21893950.909,3203921.666,117080.966,2772660.4080000003,23361383.122,5171052.07,1093827.516,2930899.538,-755442.27,-582390.071,431842.498
ISA,2021,3,Q3 2021.xbrl,0.001,4967286.514,11017350.494,62574311.166,5998863.424000001,35134275.421000004,41133138.845,21441172.321,3203921.666,116938.43400000001,3029718.4560000002,23906514.742,8045882.778,1215193.112,4531037.658,-1586390.719,-935070.755,671091.908
ISA,2021,4,CIERRE 2021.xbrl,0.001,4686462.259000001,10670103.52,61698187.047,4970047.83,34595143.677,39565191.507,22132995.54,3203921.666,125391.91,2866266.646,25074175.073,11116937.022,1665536.083,6087393.323,-2104482.765,-1106267.889,904840.1240000001
ISA,2022,1,Q1 2022.xbrl,0.001,4768416.675,10815928.726,64009249.033,5392639.516,35545215.506,40937855.022,23071394.011,3210906.697,126490.667,2581547.298,25388201.631,2764782.659,431381.108,1522533.578,-540479.587,-282148.306,242691.149
ISA,2022,2,Q2 2022.xbrl,0.001,4766463.631,11474434.091,66190345.498,4822061.849,37084139.315,41906201.164000005,24284144.334,3210906.697,141514.146,2034434.7920000001,26868429.85,6020742.117000001,1101797.421,3306807.607,-1192429.803,-362268.723,475321.748
ISA,2022,3,Q3 2022.xbrl,0.001,5007942.247,12621888.513,71831520.98900001,4605590.069,40546532.595,45152122.664000005,26679398.325,3210906.697,167607.252,1866501.57,29676480.339,9577534.439,1769821.936,5121965.95,-1749400.8190000001,-712128.429,748687.0970000001
ISA,2022,4,CIERRE 2022.xbrl,0.001,5369349.875,13721970.168,78733851.758,5360053.521,43823426.458000004,49183479.979,29550371.779,3210906.697,197369.611,2080458.138,32089642.315,13356004.941,2202580.891,6760582.933,-2383358.117,-1005463.616,1006174.215
ISA,2023,1,Q1 2023.xbrl,0.001,6691898.598,14824397.469,80124329.939,7298478.788,44361270.602,51659749.39,28464580.549000002,3221890.741,195771.864,2370843.589,32475669.629,3911312.898,828098.7810000001,2118297.109,-688810.3740000001,-328470.22500000003,273820.115
ISA,2023,2,Q2 2023.xbrl,0.001,4449949.695,12309540.26,75370216.003,7238854.335,39904166.422,47143020.757,28227195.246,3221890.741,180128.84100000001,4093471.583,28508160.911000002,7458456.259000001,1522088.32,4108257.5640000002,-1232438.936,-551035.853,528825.72
ISA,2023,3,Q3 2023.xbrl,0.001,4568115.996,12702709.215,72758663.131,7338639.311,37957770.892,45296410.203,27462252.928,3221890.741,193843.396,4241385.389,27143334.597,10614773.729,2034445.996,5688864.562,-1808896.435,-861825.647,787205.264
ISA,2023,4,CIERRE 2023.xbrl,0.001,4071927.866,12407460.808,71217175.874,5307301.925,39543479.736,44850781.661,26366394.213,3221890.741,227631.146,2477275.894,28516340.119,14171459.071,2466452.557,7069602.261,-2423491.829,-1129171.71,1059713.172
ISA,2024,1,Q1 2024.xbrl,0.001,4911704.339,12846090.195,71388374.971,6165071.181,39917854.78,46082925.961,25305449.01,3230575.941,172392.853,1981022.724,29127826.237,3668339.506,634454.705,1793978.682,-531703.845,-279334.141,249452.182
ISA,2024,2,Q2 2024.xbrl,0.001,4668994.221,12887596.636,73480910.425,5635354.931,41260578.611,46895933.542,26584976.883,3230575.941,195744.434,2673395.14,30148148.310000002,7095486.689,1341999.093,3578752.1890000002,-1088662.428,-577168.219,52609.873
ISA,2024,3,Q3 2024.xbrl,0.001,4483589.154,13403454.13,76641269.637,5661257.937,42188893.569,47850151.506000005,28791118.131,3230575.941,173178.574,2897208.3540000003,30607514.527,10616544.856,2233170.003,6240518.766,-1647495.006,-1210757.716,78038.926
ISA,2024,4,CIERRE 2024.xbrl,0.001,5924486.853,13542092.433,76995347.157,5621342.525,43105998.492,48727341.017000005,28268006.14,3230575.941,177976.215,2491673.186,31813938.812,14934750.995000001,2807941.183,7870094.717,-2262263.883,-1386254.526,106697.18000000001
ISA,2025,1,Q1 2025.xbrl,0.001,4988762.155,14468124.226,78617479.92300001,6885727.499,43811955.179,50697682.678,27919797.245,3237241.285,188080.833,2815301.804,32344413.729000002,4011697.406,694598.252,1939125.279,-566927.704,-359558.56200000003,28140.752
ISA,2025,2,Q2 2025.xbrl,0.001,4024010.8370000003,12008916.981,77081781.892,4394169.738,43957389.730000004,48351559.468,28730222.424000002,3237241.285,199749.533,1613563.1500000001,32507892.372,7354487.533,1149516.926,3119248.582,-1175063.945,-514268.132,59270.732
ISA,2025,3,Q3 2025.xbrl,0.001,4597898.927,12788268.407,77487171.031,4705311.675,43783306.65,48488618.325,28998552.706,3237241.285,166487.08000000002,1644926.681,32437791.918,11395834.729,1849625.592,5160453.68,-1853837.111,-868208.2440000001,88387.624
ISA,2025,4,CIERRE 2025.xbrl,0.001,4466147.938,11720343.762,76130261.053,4591464.379,43231798.428,47823262.807000004,28306998.246,3237241.285,166004.971,1753653.649,32037263.84,15918005.563000001,2420317.832,6841990.225000001,-2513902.39,-1111140.146,118190.444
ISA,2026,1,Q1 2026.xbrl,0.001,3628266.751,11283695.943,76733409.702,6723909.096,42130546.928,48854456.024000004,27878953.678,3243311.378,165214.892,2913690.276,30831249.168,3860047.398,558452.032,1732644.3290000001,-695194.4940000001,-189212.443,29222.421000000002
ISA,2026,2,Q2 2026.xbrl,0.001,3724781.926,11462578.656,76070853.417,4261252.869,44172798.371,48434051.24,27636802.177,3243311.378,162615.475,1015471.158,33183576.658,8595281.282,1253268.942,3892569.2320000003,-1389848.291,-502471.673,46861.631
ISAGEN,2019,1,Q1 2019.xbrl,1e-06,172152.830293,720098.863228,19100590.637803,991484.324223,12049813.69719,13041298.021413,6059292.61639,1268261.351595,35181.547289999995,722685.310821,8372922.066327999,802955.265419,151941.980729,439728.606398,-232250.710344,-74128.272877,3240.6743589999996
ISAGEN,2019,2,Q2 2019.xbrl,1e-06,638536.00429,1130980.5934559999,19371339.238819,968039.9655109999,13140129.871623999,14108169.837135,5263169.401684,1268261.351595,34396.335417999995,1281198.725019,9433596.277945999,1542674.642236,269190.23125099996,856092.1299729999,-486976.341997,-132665.656981,3138.848185
ISAGEN,2019,3,Q3 2019.xbrl,1e-06,375731.382549,924999.6287809999,19119157.836266,715566.012735,13055187.697765,13770753.7105,5348404.125766,1268261.351595,34612.785335,724946.6541929999,9335918.662802,2303458.843916,350742.427471,1245766.7817199999,-777456.559903,-170880.557113,9531.448068
ISAGEN,2019,4,CIERRE 2019.xbrl,1e-06,135837.317303,726989.683016,18860181.553206,435574.225589,12934212.96944,13369787.195029,5490394.358177,1268261.351595,36777.461354,192426.52749399998,9370261.081061,3183401.284286,495208.41011999996,1665275.1513719999,-978949.3849569999,-208732.59965699998,12682.392722999999
ISAGEN,2020,1,Q1 2020.xbrl,1e-06,374791.907096,963128.9495999999,19043875.383858997,442429.441933,13001363.961670998,13443793.403603999,5600081.980254999,1268261.351595,35801.067323999996,198654.288255,9420275.751659,870648.980142,115110.986272,424413.74143299996,-225171.272226,-58310.340656,3233.3099359999997
ISAGEN,2020,2,Q2 2020.xbrl,1e-06,106029.46122299999,676832.561071,18708312.430413,499259.295855,12611661.805382999,13110921.101238,5597391.329175,1268261.351595,36415.13199,205882.040945,8989220.432804,1592385.8687109998,138711.73902399998,691625.607385,-441726.47071699996,-70311.51878299999,6418.011259999999
ISAGEN,2020,3,Q3 2020.xbrl,1e-06,342800.416689,982284.113359,19000317.061318,482271.43533999997,12776892.899848,13259164.335188,5741152.726129999,1268261.351595,35261.16914,214241.35903199998,9128586.440859,2348840.4480049997,276703.830204,1083916.9874139999,-638604.76967,-135360.559437,9319.088539
ISAGEN,2020,4,CIERRE 2020.xbrl,1e-06,83748.53035999999,644453.4498589999,18628651.582927,431130.651664,12239032.964282999,12670163.615946999,5958487.96698,1268261.351595,34137.729912999996,184413.77128,8817747.046999998,3211249.882066,496129.202162,1570268.031161,-821768.318021,-240439.964659,12397.337040999999
ISAGEN,2021,1,Q1 2021.xbrl,1e-06,108113.19391199999,637530.621516,19049194.992317,373788.082043,12430097.652402999,12803885.734446,6245309.257871,1268261.351595,34627.534823,174877.70698299998,8979064.795183,805979.15476,236938.31587299999,456170.30387899996,-164914.670031,-50592.547145,3026.187504
ISAGEN,2021,2,Q2 2021.xbrl,1e-06,410046.175955,1034704.399937,19473994.801105,439503.232977,13466782.810371,13906286.043348,5567708.757757,1268261.351595,34895.767111,197645.708514,10241964.872498,1590756.308983,443906.60058599996,904132.443738,-343209.231942,-124009.19385899999,6048.339929
ISAGEN,2021,3,Q3 2021.xbrl,1e-06,141521.858969,838753.117618,19275695.152652998,484426.307237,13557929.862947,14042356.170184,5233338.982469,1268261.351595,35748.779642,190697.199525,10016176.794188,2452645.971962,90005.853493,1397005.989319,-532530.114431,-782202.307377,9075.233583
ISAGEN,2021,4,CIERRE 2021.xbrl,1e-06,172826.714418,993775.6171779999,21121291.278846,516522.13003899995,14925699.299649999,15442221.429689,5679069.849157,1268261.351595,35704.870165,232182.419714,10713431.584178,3481508.064357,523126.55609599996,2010051.342865,-731987.768334,-763221.7149029999,12107.240467
ISAGEN,2022,1,Q1 2022.xbrl,1e-06,735488.724937,1555483.615506,21702224.950356,530957.520254,15080231.819485,15611189.339738999,6091035.610617,1268261.351595,37488.549302,245345.867442,11378147.574221,1192692.033682,360020.78077899996,790688.454224,-250780.69720499997,-178084.230679,3035.615978
ISAGEN,2022,2,Q2 2022.xbrl,1e-06,188145.184503,1009644.7451279999,22859833.272032,862196.6421129999,17065185.596536,17927382.238649,4932451.033383,1268261.351595,38109.774407,497603.20757599996,13124091.028381,2265407.283192,607319.686747,1429241.8847049999,-528708.524922,-311112.864674,6080.05696
ISAGEN,2022,3,Q3 2022.xbrl,1e-06,376280.99890299997,1430877.8844259998,23678445.941960998,1214093.611887,17205513.140113,18419606.752,5258839.189960999,1268261.351595,38518.541818,758892.6698179999,13090409.037884,3453386.708392,914518.133541,2175781.21287,-912037.970934,-464612.78736699995,9173.231833
ISAGEN,2022,4,CIERRE 2022.xbrl,1e-06,309200.44539099996,1431562.124601,23808061.966282,1333190.59289,16910525.005838,18243715.598727997,5564346.367554,1268261.351595,27889.046571,736513.775945,13351933.404957,4816989.92959,1233837.9102659998,2969610.2728589997,-1317579.83568,-635121.672715,12655.353616
ISAGEN,2023,1,Q1 2023.xbrl,1e-06,860465.9352579999,1966041.0707649998,24269238.31729,1508916.210368,16844683.558546,18353599.768914,5915638.548376,1268261.351595,29043.02353,833030.608347,13267610.090266999,1347150.772221,397336.42510299996,884455.762536,-426573.157069,-190593.30841199998,4043.3074899999997
ISAGEN,2023,2,Q2 2023.xbrl,1e-06,232487.176032,1136718.034203,23056858.59813,1028681.5044709999,16909187.8175,17937869.321971,5118989.276159,1268261.351595,29670.465897,506588.61819099996,13299477.349608999,2635778.5449179998,700105.028341,1642498.1531709998,-894334.007882,-327875.543482,8142.064503
ISAGEN,2023,3,Q3 2023.xbrl,1e-06,222785.91995699998,1261855.651927,23200712.266744997,1319880.551917,16600665.420099,17920545.972016,5280166.294729,1268261.351595,29867.739115,775601.679011,13533636.533793999,3962408.0062679998,857804.934145,2259865.628987,-1385907.388653,-390999.288781,12251.922438
ISAGEN,2023,4,CONSOLIDADO CIERRE 2023.xbrl,1e-06,220352.378389,1279907.151628,23727387.139663998,1216189.157845,17082033.108159,18298222.266004,5429164.87366,1268261.351595,29525.906519,1183419.452821,13696364.263642998,5523362.199194999,1035242.62772,2905984.457391,-1869998.911434,-477536.459092,19659.371058
ISAGEN,2024,1,Q1 2024.xbrl,1e-06,225762.79774799998,1386579.884258,23891287.871014,1563667.070175,16712289.794280998,18275956.864455998,5615331.006558,1268350.663198,30886.316974999998,1156085.98236,12911074.485640999,1349620.5891139999,198087.870448,657336.5804409999,-465291.664787,-102411.499868,4699.812333
ISAGEN,2024,2,Q2 2024.xbrl,1e-06,318568.47728299996,1432948.5974029999,23916564.290393,1560223.4297709998,17442190.414646,19002413.844417,4914150.445975999,1268350.663198,30847.571437,1280948.0826909998,13594773.873616,2588801.259585,255639.554167,1110799.707526,-919088.623316,-131682.93264699998,9233.756539
ISAGEN,2024,3,Q3 2024.xbrl,1e-06,152653.77901899998,1505311.6917019999,23915847.419108,1280119.13771,17442993.835376,18723112.973086,5192734.446022,1268350.663198,32174.180282999998,787498.5806659999,13572764.507529,4170207.556674,543886.62618,1923699.0948639999,-1389376.26785,-280225.120114,13778.317919
ISAGEN,2024,4,CIERRE 2024.xbrl,1e-06,447197.05571,1381012.7715049998,24293248.340485,1206751.4121309998,17524915.235675998,18731666.647807,5561581.692678,1268350.663198,33172.006795,749153.869682,13654102.831992,6095701.037532,904615.5979149999,2738482.926877,-1841209.2694259998,-389143.486734,24599.068307999998
ISAGEN,2025,1,Q1 2025.xbrl,1e-06,405756.91121,1976547.582002,24826759.277084,917202.8214509999,17999117.939494,18916320.760945,5910438.516139,1268350.663198,36112.924517,465818.561672,14054334.259312999,1425880.5459989998,344550.23245899996,874629.112647,-430075.689387,-177381.494166,5596.7349349999995
ISAGEN,2025,2,Q2 2025.xbrl,1e-06,111346.682365,3899447.7733469997,25379502.800803,1362615.997526,18573234.4767,19935850.474225998,5443652.326576999,1268350.663198,36782.215126999996,890965.9198029999,14368629.572298998,2556557.111896,401284.223948,1454363.317594,-918699.311644,-209638.32620399998,6143.978039
ISAGEN,2025,3,Q3 2025.xbrl,1e-06,229542.93642699998,3923480.853475,25865252.863743998,1661631.810363,18515826.272868,20177458.083231,5687794.780513,1268350.663198,41303.59085,864079.7482789999,13524416.243707,3847513.969488,606104.234818,2179442.004094,-1365328.438015,-183247.538266,18653.226751
ISAGEN,2025,4,CIERRE 2025.xbrl,1e-06,173857.066077,4020184.197927,25989635.428567998,1712864.136827,18353585.995019,20066450.131846,5923185.2967219995,1268350.663198,41497.121989,1156139.721005,13281606.088925,5227522.586422999,882203.2278059999,2872390.550364,-1838668.886465,-321109.832023,27152.09767
ISAGEN,2026,1,Q1 2026.xbrl,1e-06,938597.7081909999,4876164.994368,26555037.795672998,1358737.427829,19222956.778118998,20581694.205948,5973343.589725,1268350.663198,41281.291921,863508.327891,14084219.313144999,1167110.70985,45001.361803,587081.586166,-540238.769674,-34237.904493999995,6235.360645
ISAGEN,2026,2,Q2 2026.xbrl,1e-06,287142.418911,6007037.158658,25920552.105343,2215538.26302,18270029.604993,20485567.868013,5434984.23733,1268350.663198,36456.886726,1172181.989138,13445289.484226,2677243.92406,165533.332596,1391701.298366,-1201372.108429,-99385.94713,7754.104143
